{
  "id": "yard-fvtt",
  "title": "YARD - Yet Another RPG that Died",
  "description": "Simple implementation for an indie RPG. Based on the Universal Tabletop System for FoundryVTT, by Metamorphic Digital.",
  "authors": [
    {
      "name": "Ian Dash",
      "discord": "arkhamelders"
    }
  ],
  "url": "https://github.com/MetaMorphic-Digital/universal-tabletop-system",
  "license": "LICENSE.txt",
  "readme": "README.md",
  "bugs": "https://github.com/MetaMorphic-Digital/universal-tabletop-system/issues",
  "changelog": "CHANGELOG.md",
  "media": [
    {
      "type": "setup",
      "url": "",
      "thumbnail": ""
    }
  ],
  "version": "AUTOMATIC",
  "compatibility": {
    "minimum": "13.339",
    "verified": "13"
  },
  "esmodules": ["uts.mjs"],
  "styles": ["uts.css"],
  "languages": [
    {
      "lang": "en",
      "name": "English",
      "path": "lang/en.json"
    },
    {
      "lang": "de",
      "name": "Deutsch (German)",
      "path": "lang/de.json"
    }
  ],
  "packs": [],
  "packFolders": [],
  "socket": true,
  "manifest": "https://raw.githubusercontent.com/ArkhamElders/yard-fvtt/refs/heads/main/system.json",
  "download": "https://github.com/ArkhamElders/yard-fvtt/raw/refs/heads/main/yard-fvtt.zip",
  "background": "",
  "initiative": "1d20",
  "grid": {
    "type": 1,
    "distance": 1,
    "units": "in",
    "diagonals": 0
  },
  "primaryTokenAttribute": "value",
  "secondaryTokenAttribute": "",
  "documentTypes": {
    "Actor": {
      "chess": {},
      "hero":{}
    },
    "Item": {},
    "Card": {},
    "Cards": {},
    "Combat": {},
    "Combatant": {
      "player": {}
    }
  },
  "flags": {
    "hotReload": {
      "extensions": ["css", "html", "hbs", "json"],
      "paths": [".", "templates", "lang"]
    }
  }
}
